;train_accuracy;test_accuracy
Random Forest;0.8322324966974901;0.58311345646438
Gradient Boosting;0.9980184940554822;0.5936675461741425
